{"cameraMode":{"drawMode":0,"name":"Shaded","section":"Shading Mode"},"sceneLighting":true,"audioPlay":false,"sceneViewState":{"m_AlwaysRefresh":false,"showFog":true,"showSkybox":true,"showFlares":true,"showImageEffects":true,"showParticleSystems":true,"showVisualEffectGraphs":true,"m_FxEnabled":true},"in2DMode":false,"pivot":{"x":80.4455337524414,"y":1.2226471900939942,"z":-0.5504436492919922},"rotation":{"x":-0.18696542084217072,"y":0.22958700358867646,"z":-0.044978201389312747,"w":-0.9541373252868652},"size":6.865103721618652,"orthographic":false}